"Ticker";"Nome";"Preco Atual";"Setor";"Subsetor"
"AALR3";"ALLIANÇA SAÚDE E PARTICIPAÇÕES S.A.";3.28;"Health Services";"Serv.Méd.Hospit..Análises e Diagnósticos"
"AALR3F";"ALLIANÇA SAÚDE E PARTICIPAÇÕES S.A.";3.3;"Health Services";""
"ABCB4";"BCO ABC BRASIL S.A.";23.54;"Finance";"Bancos"
"ABCB4F";"BCO ABC BRASIL S.A.";23.54;"Finance";""
"ABEV3";"AMBEV S.A.";15.81;"Consumer Non-Durables";"Cervejas e Refrigerantes"
"ABEV3F";"AMBEV S.A.";15.83;"Consumer Non-Durables";""
"AERI3";"AERIS IND. E COM. DE EQUIP. GERACAO DE ENERGIA S/A";2.04;"Producer Manufacturing";"Máq. e Equip. Industriais"
"AERI3F";"AERIS IND. E COM. DE EQUIP. GERACAO DE ENERGIA S/A";2.02;"Producer Manufacturing";""
"AFLT3";"AFLUENTE TRANSMISSÃO DE ENERGIA ELÉTRICA S/A";7.32;"Utilities";"Energia Elétrica"
"AFLT3F";"AFLUENTE TRANSMISSÃO DE ENERGIA ELÉTRICA S/A";7.37;"Utilities";""
"AGRO3";"BRASILAGRO - CIA BRAS DE PROP AGRICOLAS";19.38;"Finance";"Agricultura"
"AGRO3F";"BRASILAGRO - CIA BRAS DE PROP AGRICOLAS";19.39;"Finance";""
"AGXY3";"AGROGALAXY PARTICIPAÇÕES S.A.";1.74;"Distribution Services";"Agricultura"
"AGXY3F";"AGROGALAXY PARTICIPAÇÕES S.A.";1.76;"Distribution Services";""
"AHEB3";"SAO PAULO TURISMO S.A.";23.9;"Commercial Services";"Produção de Eventos e Shows"
"AHEB3F";"SAO PAULO TURISMO S.A.";22.6;"Commercial Services";""
"AHEB5F";"SAO PAULO TURISMO S.A.";46.38;"Commercial Services";""
"ALLD3";"ALLIED TECNOLOGIA S.A.";4.5;"Technology Services";"Eletrodomésticos"
"ALLD3F";"ALLIED TECNOLOGIA S.A.";4.51;"Technology Services";""
"ALOS3";"ALLOS S.A";27.01;"Finance";"Exploração de Imóveis"
"ALOS3F";"ALLOS S.A";27.02;"Finance";""
"ALPA3";"ALPARGATAS S.A.";8.92;"Consumer Non-Durables";"Calçados"
"ALPA3F";"ALPARGATAS S.A.";8.93;"Consumer Non-Durables";""
"ALPA4";"ALPARGATAS S.A.";11.66;"Consumer Non-Durables";""
"ALPA4F";"ALPARGATAS S.A.";11.67;"Consumer Non-Durables";""
"ALPK3";"ALLPARK EMPREENDIMENTOS PARTICIPACOES SERVICOS S.A";4.18;"Consumer Services";"Serviços Diversos"
"ALPK3F";"ALLPARK EMPREENDIMENTOS PARTICIPACOES SERVICOS S.A";4.18;"Consumer Services";""
"ALUP11F";"ALUPAR INVESTIMENTO S/A";33.2;"Utilities";""
"ALUP3";"ALUPAR INVESTIMENTO S/A";11.83;"Utilities";"Energia Elétrica"
"ALUP3F";"ALUPAR INVESTIMENTO S/A";12.09;"Utilities";""
"ALUP4";"ALUPAR INVESTIMENTO S/A";10.59;"Utilities";""
"ALUP4F";"ALUPAR INVESTIMENTO S/A";10.67;"Utilities";""
"AMAR3";"MARISA LOJAS S.A.";0.57;"Retail Trade";"Tecidos. Vestuário e Calçados"
"AMAR3F";"MARISA LOJAS S.A.";0.58;"Retail Trade";""
"AMBP3";"AMBIPAR PARTICIPACOES E EMPREENDIMENTOS S/A";0.16;"Commercial Services";"Água e Saneamento"
"AMBP3F";"AMBIPAR PARTICIPACOES E EMPREENDIMENTOS S/A";0.15;"Commercial Services";""
"AMER3";"AMERICANAS S.A";3.92;"Retail Trade";"Produtos Diversos"
"AMER3F";"AMERICANAS S.A";3.92;"Retail Trade";""
"AMOB3";"AUTOMOB PARTICIPAÇÕES S.A.";12.4;"Retail Trade";"Automóveis e Motocicletas"
"AMOB3F";"AUTOMOB PARTICIPAÇÕES S.A.";12.35;"Retail Trade";""
"ANIM3";"ANIMA HOLDING S.A.";2.13;"Consumer Services";"Serviços Educacionais"
"ANIM3F";"ANIMA HOLDING S.A.";2.13;"Consumer Services";""
"ARML3";"ARMAC LOCAÇÃO. LOGÍSTICA E SERVIÇOS S.A.";3.17;"Finance";"Máq. e Equip. Industriais"
"ARML3F";"ARMAC LOCAÇÃO. LOGÍSTICA E SERVIÇOS S.A.";3.18;"Finance";""
"ARND3";"ARND3";0.5;"Commercial Services";"Programas e Serviços"
"ARND3F";"ARND3F";0.52;"Commercial Services";""
"ASAI3";"SENDAS DISTRIBUIDORA S.A.";8.19;"Retail Trade";"Alimentos"
"ASAI3F";"SENDAS DISTRIBUIDORA S.A.";8.2;"Retail Trade";""
"ATED3";"ATOM EDUCAÇÃO E EDITORA S.A.";1.5;"Technology Services";"Serviços Educacionais"
"ATED3F";"ATOM EDUCAÇÃO E EDITORA S.A.";1.55;"Technology Services";""
"AUAU3";"UNIÃO PET PARTICIPAÇÕES S.A.";3.12;"Process Industries";"Produtos Diversos"
"AUAU3F";"UNIÃO PET PARTICIPAÇÕES S.A.";3.13;"Process Industries";""
"AURE3";"AUREN ENERGIA S.A.";11.24;"Utilities";"Energia Elétrica"
"AURE3F";"AUREN ENERGIA S.A.";11.24;"Utilities";""
"AVLL3";"ALPHAVILLE S.A.";10.15;"Finance";"Incorporações"
"AVLL3F";"ALPHAVILLE S.A.";10.15;"Finance";""
"AXIA3";"AXIA3";49.96;"Utilities";"Energia Elétrica"
"AXIA3F";"AXIA3F";49.97;"Utilities";""
"AXIA7";"AXIA7";48.89;"Utilities";""
"AXIA7F";"AXIA7F";48.91;"Utilities";""
"AZEV3";"AZEVEDO E TRAVASSOS S.A.";1.98;"Industrial Services";"Construção Pesada"
"AZEV3F";"AZEVEDO E TRAVASSOS S.A.";1.98;"Industrial Services";""
"AZEV4";"AZEVEDO E TRAVASSOS S.A.";1.24;"Industrial Services";""
"AZEV4F";"AZEVEDO E TRAVASSOS S.A.";1.22;"Industrial Services";""
"AZTE3";"AZEVEDO & TRAVASSOS ENERGIA S.A.";1.34;"Energy Minerals";""
"AZTE3F";"AZEVEDO & TRAVASSOS ENERGIA S.A.";1.35;"Energy Minerals";""
"AZUL3";"AZUL S.A.";22.1;"Transportation";""
"AZUL3F";"AZUL S.A.";21.99;"Transportation";""
"AZZA3";"AZZAS 2154 S.A.";17.8;"Consumer Non-Durables";"Tecidos, Vestuário e Calçados"
"AZZA3F";"AZZAS 2154 S.A.";17.8;"Consumer Non-Durables";""
"B1003";"B100 S.A.";21.5;"Finance";""
"B1003F";"B100 S.A.";19.47;"Finance";""
"B3SA3";"B3 S.A. - BRASIL. BOLSA. BALCÃO";15;"Finance";"Dados Financeiros e Bolsas de Valores"
"B3SA3F";"B3 S.A. - BRASIL. BOLSA. BALCÃO";15.01;"Finance";""
"BALM3";"BAUMER S.A.";26;"Health Technology";"Equipamentos"
"BALM3F";"BAUMER S.A.";25.57;"Health Technology";""
"BALM4";"BAUMER S.A.";16.04;"Health Technology";""
"BALM4F";"BAUMER S.A.";17.79;"Health Technology";""
"BAZA3";"BCO AMAZONIA S.A.";59.34;"Finance";"Bancos"
"BAZA3F";"BCO AMAZONIA S.A.";59.23;"Finance";""
"BBAS3";"BCO BRASIL S.A.";20.56;"Finance";"Bancos Diversificados"
"BBAS3F";"BCO BRASIL S.A.";20.54;"Finance";""
"BBDC3";"BCO BRADESCO S.A.";16.04;"Finance";"Bancos"
"BBDC3F";"BCO BRADESCO S.A.";16.06;"Finance";""
"BBDC4";"BCO BRADESCO S.A.";18.42;"Finance";"Bancos Diversificados"
"BBDC4F";"BCO BRADESCO S.A.";18.44;"Finance";""
"BBSE3";"BB SEGURIDADE PARTICIPAÇÕES S.A.";41.07;"Finance";"Seguradoras"
"BBSE3F";"BB SEGURIDADE PARTICIPAÇÕES S.A.";41.05;"Finance";""
"BDLL3";"BARDELLA S.A. INDUSTRIAS MECANICAS";5;"Producer Manufacturing";"Máq. e Equip. Industriais"
"BDLL3F";"BARDELLA S.A. INDUSTRIAS MECANICAS";5;"Producer Manufacturing";""
"BDLL4";"BARDELLA S.A. INDUSTRIAS MECANICAS";3.6;"Producer Manufacturing";""
"BDLL4F";"BARDELLA S.A. INDUSTRIAS MECANICAS";3.6;"Producer Manufacturing";""
"BEEF3";"MINERVA S.A.";3.55;"Distribution Services";"Carnes e Derivados"
"BEEF3F";"MINERVA S.A.";3.56;"Distribution Services";""
"BEES3";"BANESTES S.A. - BCO EST ESPIRITO SANTO";8.72;"Finance";"Bancos"
"BEES3F";"BANESTES S.A. - BCO EST ESPIRITO SANTO";8.73;"Finance";""
"BEES4";"BANESTES S.A. - BCO EST ESPIRITO SANTO";8.88;"Finance";""
"BEES4F";"BANESTES S.A. - BCO EST ESPIRITO SANTO";8.96;"Finance";""
"BGIP3";"BCO ESTADO DE SERGIPE S.A. - BANESE";47.47;"Finance";"Bancos"
"BGIP3F";"BCO ESTADO DE SERGIPE S.A. - BANESE";51.91;"Finance";""
"BGIP4";"BCO ESTADO DE SERGIPE S.A. - BANESE";33.44;"Finance";""
"BGIP4F";"BCO ESTADO DE SERGIPE S.A. - BANESE";33;"Finance";""
"BHIA3";"GRUPO CASAS BAHIA S.A.";0.92;"Retail Trade";"Eletrodomésticos"
"BHIA3F";"GRUPO CASAS BAHIA S.A.";0.92;"Retail Trade";""
"BIED3";"BIOMA EDUCAÇÃO S.A.";7.85;"Consumer Services";"Serviços Educacionais"
"BIED3F";"BIOMA EDUCAÇÃO S.A.";7.5;"Consumer Services";""
"BIOM3";"BIOMM S.A.";6;"Health Technology";"Medicamentos e Outros Produtos"
"BIOM3F";"BIOMM S.A.";6.18;"Health Technology";""
"BLAU3";"BLAU FARMACÊUTICA S.A.";9.13;"Health Technology";"Medicamentos e Outros Produtos"
"BLAU3F";"BLAU FARMACÊUTICA S.A.";9.12;"Health Technology";""
"BMEB3";"BCO MERCANTIL DO BRASIL S.A.";51.23;"Finance";"Bancos"
"BMEB3F";"BCO MERCANTIL DO BRASIL S.A.";51.25;"Finance";""
"BMEB4";"BCO MERCANTIL DO BRASIL S.A.";59.61;"Finance";""
"BMEB4F";"BCO MERCANTIL DO BRASIL S.A.";60.01;"Finance";""
"BMGB4";"BANCO BMG S.A.";5.23;"Finance";"Bancos"
"BMGB4F";"BANCO BMG S.A.";5.24;"Finance";""
"BMIN3F";"BCO MERCANTIL DE INVESTIMENTOS S.A.";22.99;"Finance";""
"BMIN4";"BCO MERCANTIL DE INVESTIMENTOS S.A.";18.02;"Finance";""
"BMIN4F";"BCO MERCANTIL DE INVESTIMENTOS S.A.";17.73;"Finance";""
"BMKS3";"BICICLETAS MONARK S.A.";381.01;"Consumer Durables";"Bicicletas"
"BMOB3";"BEMOBI MOBILE TECH S.A.";22.94;"Technology Services";"Programas e Serviços"
"BMOB3F";"BEMOBI MOBILE TECH S.A.";22.93;"Technology Services";""
"BNBR3";"BCO NORDESTE DO BRASIL S.A.";106.52;"Finance";"Bancos"
"BNBR3F";"BCO NORDESTE DO BRASIL S.A.";108.63;"Finance";""
"BOBR4";"BOMBRIL S.A.";1.24;"Consumer Non-Durables";""
"BOBR4F";"BOMBRIL S.A.";1.33;"Consumer Non-Durables";""
"BPAC11F";"BCO BTG PACTUAL S.A.";55.44;"Finance";""
"BPAC3";"BCO BTG PACTUAL S.A.";22.31;"Finance";"Bancos"
"BPAC3F";"BCO BTG PACTUAL S.A.";22.45;"Finance";""
"BPAC5";"BCO BTG PACTUAL S.A.";17.9;"Finance";""
"BPAC5F";"BCO BTG PACTUAL S.A.";17.94;"Finance";""
"BPAR3F";"BCO ESTADO DO PARA S.A.";180.02;"Finance";""
"BRAP3";"BRADESPAR S.A.";18.24;"Finance";"Minerais Metálicos"
"BRAP3F";"BRADESPAR S.A.";18.24;"Finance";""
"BRAP4";"BRADESPAR S.A.";20.81;"Finance";""
"BRAP4F";"BRADESPAR S.A.";20.84;"Finance";""
"BRAV3";"BRAVA ENERGIA S.A.";20.1;"Energy Minerals";"Exploração e Produção de Petróleo"
"BRAV3F";"BRAVA ENERGIA S.A.";20.11;"Energy Minerals";""
"BRAX";"BRAX";144.5;"";""
"BRBI11F";"BRBI BR PARTNERS S.A.";14.59;"Finance";""
"BRKM3";"BRASKEM S.A.";4.9;"Process Industries";"Petroquímicos"
"BRKM3F";"BRASKEM S.A.";5.01;"Process Industries";""
"BRKM5";"BRASKEM S.A.";5.93;"Process Industries";"Petroquímicos"
"BRKM5F";"BRASKEM S.A.";5.95;"Process Industries";""
"BRKM6F";"BRASKEM S.A.";6.21;"Process Industries";""
"BRSR3";"BCO ESTADO DO RIO GRANDE DO SUL S.A.";17.59;"Finance";"Bancos"
"BRSR3F";"BCO ESTADO DO RIO GRANDE DO SUL S.A.";17.65;"Finance";""
"BRSR5F";"BCO ESTADO DO RIO GRANDE DO SUL S.A.";16.9;"Finance";""
"BRSR6";"BCO ESTADO DO RIO GRANDE DO SUL S.A.";14.15;"Finance";""
"BRSR6F";"BCO ESTADO DO RIO GRANDE DO SUL S.A.";14.16;"Finance";""
"BRST3";"BRISANET SERVIÇOS DE TELECOMUNICAÇÕES S.A.";2.77;"Communications";"Telecomunicações"
"BRST3F";"BRISANET SERVIÇOS DE TELECOMUNICAÇÕES S.A.";2.79;"Communications";""
"BSLI3";"BRB BCO DE BRASILIA S.A.";2.99;"Finance";"Bancos"
"BSLI3F";"BRB BCO DE BRASILIA S.A.";2.98;"Finance";""
"BSLI4";"BRB BCO DE BRASILIA S.A.";3;"Finance";""
"BSLI4F";"BRB BCO DE BRASILIA S.A.";3;"Finance";""
"CALI3F";"CONSTRUTORA ADOLPHO LINDENBERG S.A.";26.75;"Industrial Services";""
"CAMB3";"CAMBUCI S.A.";9.25;"Consumer Non-Durables";"Calçados"
"CAMB3F";"CAMBUCI S.A.";9.12;"Consumer Non-Durables";""
"CAML3";"CAMIL ALIMENTOS S.A.";4.25;"Process Industries";"Alimentos Diversos"
"CAML3F";"CAMIL ALIMENTOS S.A.";4.24;"Process Industries";""
"CASH3";"MÉLIUZ S.A.";4.34;"Commercial Services";"Programas e Serviços"
"CASH3F";"MÉLIUZ S.A.";4.35;"Commercial Services";""
"CASN3F";"CIA CATARINENSE DE AGUAS E SANEAM.-CASAN";8.5;"Utilities";""
"CBAV3";"COMPANHIA BRASILEIRA DE ALUMÍNIO";10.83;"Non-Energy Minerals";"Minerais Metálicos"
"CBAV3F";"COMPANHIA BRASILEIRA DE ALUMÍNIO";10.82;"Non-Energy Minerals";""
"CBEE3";"AMPLA ENERGIA E SERVICOS S.A.";10.01;"Utilities";"Energia Elétrica"
"CBEE3F";"AMPLA ENERGIA E SERVICOS S.A.";9.69;"Utilities";""
"CCTY3F";"BELORA RDVC CITY DESENVOLVIMENTO  IMOBILIÁRIO S.A.";6.65;"Consumer Durables";""
"CEAB3";"CEA MODAS S.A.";9.4;"Retail Trade";"Tecidos. Vestuário e Calçados"
"CEAB3F";"CEA MODAS S.A.";9.4;"Retail Trade";""
"CEBR3";"CIA ENERGETICA DE BRASILIA";24.38;"Utilities";"Energia Elétrica"
"CEBR3F";"CIA ENERGETICA DE BRASILIA";24.52;"Utilities";""
"CEBR5";"CIA ENERGETICA DE BRASILIA";24.08;"Utilities";""
"CEBR5F";"CIA ENERGETICA DE BRASILIA";24.07;"Utilities";""
"CEBR6";"CIA ENERGETICA DE BRASILIA";28.94;"Utilities";""
"CEBR6F";"CIA ENERGETICA DE BRASILIA";29.34;"Utilities";""
"CEDO4";"CIA FIACAO TECIDOS CEDRO CACHOEIRA";5.01;"Process Industries";""
"CEDO4F";"CIA FIACAO TECIDOS CEDRO CACHOEIRA";4.86;"Process Industries";""
"CEEB3";"CIA ELETRICIDADE EST. DA BAHIA - COELBA";48.7;"Utilities";"Energia Elétrica"
"CEEB3F";"CIA ELETRICIDADE EST. DA BAHIA - COELBA";46.89;"Utilities";""
"CEEB5F";"CIA ELETRICIDADE EST. DA BAHIA - COELBA";48.98;"Utilities";""
"CEED3";"CIA ESTADUAL DE DISTRIB ENER ELET-CEEE-D";7.3;"Utilities";"Energia Elétrica"
"CEED3F";"CIA ESTADUAL DE DISTRIB ENER ELET-CEEE-D";7.56;"Utilities";""
"CEED4F";"CIA ESTADUAL DE DISTRIB ENER ELET-CEEE-D";16.07;"Utilities";""
"CEGR3F";"CIA DISTRIB DE GAS DO RIO DE JANEIRO-CEG";40;"Utilities";""
"CGAS3F";"CIA GAS DE SAO PAULO - COMGAS";125.02;"Utilities";""
"CGAS5";"CIA GAS DE SAO PAULO - COMGAS";124;"Utilities";""
"CGAS5F";"CIA GAS DE SAO PAULO - COMGAS";123.63;"Utilities";""
"CGRA3";"GRAZZIOTIN S.A.";24.65;"Retail Trade";"Tecidos. Vestuário e Calçados"
"CGRA3F";"GRAZZIOTIN S.A.";24.65;"Retail Trade";""
"CGRA4";"GRAZZIOTIN S.A.";24.2;"Retail Trade";""
"CGRA4F";"GRAZZIOTIN S.A.";24.31;"Retail Trade";""
"CLSC3";"CENTRAIS ELET DE SANTA CATARINA S.A.";127.75;"Utilities";"Energia Elétrica"
"CLSC3F";"CENTRAIS ELET DE SANTA CATARINA S.A.";128.67;"Utilities";""
"CLSC4";"CENTRAIS ELET DE SANTA CATARINA S.A.";138.59;"Utilities";""
"CLSC4F";"CENTRAIS ELET DE SANTA CATARINA S.A.";138.01;"Utilities";""
"CMIG3";"CIA ENERGETICA DE MINAS GERAIS - CEMIG";16.01;"Utilities";"Energia Elétrica"
"CMIG3F";"CIA ENERGETICA DE MINAS GERAIS - CEMIG";16.04;"Utilities";""
"CMIG4";"CIA ENERGETICA DE MINAS GERAIS - CEMIG";10.99;"Utilities";"Energia Elétrica"
"CMIG4F";"CIA ENERGETICA DE MINAS GERAIS - CEMIG";11;"Utilities";""
"CMIN3";"CSN MINERAÇÃO S.A.";5.47;"Non-Energy Minerals";"Minerais Metálicos"
"CMIN3F";"CSN MINERAÇÃO S.A.";5.47;"Non-Energy Minerals";""
"COCE3F";"CIA ENERGETICA DO CEARA - COELCE";35.3;"Utilities";""
"COCE5";"CIA ENERGETICA DO CEARA - COELCE";31.43;"Utilities";""
"COCE5F";"CIA ENERGETICA DO CEARA - COELCE";31.59;"Utilities";""
"COGN3";"COGNA EDUCAÇÃO S.A.";2.15;"Commercial Services";"Serviços Educacionais"
"COGN3F";"COGNA EDUCAÇÃO S.A.";2.16;"Commercial Services";""
"CPFE3";"CPFL ENERGIA S.A.";46.35;"Utilities";"Energia Elétrica"
"CPFE3F";"CPFL ENERGIA S.A.";46.36;"Utilities";""
"CPLE3";"CIA PARANAENSE DE ENERGIA - COPEL";14.56;"Utilities";"Energia Elétrica"
"CPLE3F";"CIA PARANAENSE DE ENERGIA - COPEL";14.57;"Utilities";""
"CRPG3F";"TRONOX PIGMENTOS DO BRASIL S.A.";16.95;"Process Industries";""
"CRPG5";"TRONOX PIGMENTOS DO BRASIL S.A.";12.2;"Process Industries";""
"CRPG5F";"TRONOX PIGMENTOS DO BRASIL S.A.";12.21;"Process Industries";""
"CRPG6";"TRONOX PIGMENTOS DO BRASIL S.A.";13.1;"Process Industries";""
"CRPG6F";"TRONOX PIGMENTOS DO BRASIL S.A.";13;"Process Industries";""
"CSAN3";"COSAN S.A.";3.78;"Utilities";"Exploração, Refino e Distribuição"
"CSAN3F";"COSAN S.A.";3.79;"Utilities";""
"CSED3";"CRUZEIRO DO SUL EDUCACIONAL S.A.";3.79;"Consumer Services";"Serviços Educacionais"
"CSED3F";"CRUZEIRO DO SUL EDUCACIONAL S.A.";3.8;"Consumer Services";""
"CSMG3";"CIA SANEAMENTO DE MINAS GERAIS-COPASA MG";62.88;"Utilities";"Água e Saneamento"
"CSMG3F";"CIA SANEAMENTO DE MINAS GERAIS-COPASA MG";62.9;"Utilities";""
"CSNA3";"CIA SIDERURGICA NACIONAL";5.1;"Non-Energy Minerals";"Siderurgia"
"CSNA3F";"CIA SIDERURGICA NACIONAL";5.1;"Non-Energy Minerals";""
"CSUD3";"CSU DIGITAL S.A.";14.56;"Commercial Services";"Serviços Financeiros Diversos"
"CSUD3F";"CSU DIGITAL S.A.";14.57;"Commercial Services";""
"CTAX3";"CTAX3";0.42;"Commercial Services";""
"CTAX3F";"CTAX3F";0.42;"Commercial Services";""
"CTKA4";"KARSTEN S.A.";33.15;"Process Industries";""
"CTKA4F";"KARSTEN S.A.";33.15;"Process Industries";""
"CURY3";"CURY CONSTRUTORA E INCORPORADORA S.A.";29.6;"Finance";"Incorporações"
"CURY3F";"CURY CONSTRUTORA E INCORPORADORA S.A.";29.62;"Finance";""
"CVCB3";"CVC BRASIL OPERADORA E AGÊNCIA DE VIAGENS S.A.";1.14;"Consumer Services";"Viagens e Turismo"
"CVCB3F";"CVC BRASIL OPERADORA E AGÊNCIA DE VIAGENS S.A.";1.14;"Consumer Services";""
"CXSE3";"CAIXA SEGURIDADE PARTICIPAÇÕES S.A.";22.23;"Finance";"Seguradoras"
"CXSE3F";"CAIXA SEGURIDADE PARTICIPAÇÕES S.A.";22.22;"Finance";""
"CYRE3";"CYRELA BRAZIL REALTY S.A.EMPREEND E PART";21.04;"Finance";"Incorporações"
"CYRE3F";"CYRELA BRAZIL REALTY S.A.EMPREEND E PART";21.01;"Finance";""
"CYRE4";"CYRELA BRAZIL REALTY S.A.EMPREEND E PART";19.96;"Finance";""
"CYRE4F";"CYRELA BRAZIL REALTY S.A.EMPREEND E PART";19.86;"Finance";""
"DASA3";"DIAGNOSTICOS DA AMERICA S.A.";2.86;"Health Services";"Serv.Méd.Hospit..Análises e Diagnósticos"
"DASA3F";"DIAGNOSTICOS DA AMERICA S.A.";2.9;"Health Services";""
"DESK3";"DESKTOP S.A.";17.93;"Communications";"Telecomunicações"
"DESK3F";"DESKTOP S.A.";17.93;"Communications";""
"DEXP3";"DEXXOS PARTICIPACOES S.A.";7.11;"Process Industries";"Petroquímicos"
"DEXP3F";"DEXXOS PARTICIPACOES S.A.";7.09;"Process Industries";""
"DEXP4";"DEXXOS PARTICIPACOES S.A.";7.06;"Process Industries";""
"DEXP4F";"DEXXOS PARTICIPACOES S.A.";7.05;"Process Industries";""
"DIRR3";"DIRECIONAL ENGENHARIA S.A.";11.55;"Finance";"Incorporações"
"DIRR3F";"DIRECIONAL ENGENHARIA S.A.";11.55;"Finance";""
"DMVF3";"D1000 VAREJO FARMA PARTICIPAÇÕES S.A.";6.44;"Distribution Services";"Medicamentos e Outros Produtos"
"DMVF3F";"D1000 VAREJO FARMA PARTICIPAÇÕES S.A.";6.42;"Distribution Services";""
"DOHL4";"DOHLER S.A.";3.76;"Process Industries";""
"DOHL4F";"DOHLER S.A.";3.75;"Process Industries";""
"DOTZ3";"DOTZ S.A.";4.01;"Technology Services";"Programas de Fidelização"
"DOTZ3F";"DOTZ S.A.";4.04;"Technology Services";""
"DTCY3";"DTCOM - DIRECT TO COMPANY S.A.";2.4;"Communications";"Serviços Diversos"
"DTCY3F";"DTCOM - DIRECT TO COMPANY S.A.";2.38;"Communications";""
"DXCO3";"DEXCO S.A.";4.93;"Producer Manufacturing";"Madeira"
"DXCO3F";"DEXCO S.A.";4.92;"Producer Manufacturing";""
"EALT10";"ELECTRO ACO ALTONA S.A.";11.8;"Producer Manufacturing";""
"EALT10F";"ELECTRO ACO ALTONA S.A.";10.6;"Producer Manufacturing";""
"EALT3";"ELECTRO ACO ALTONA S.A.";12.7;"Producer Manufacturing";"Máq. e Equip. Industriais"
"EALT3F";"ELECTRO ACO ALTONA S.A.";12.89;"Producer Manufacturing";""
"EALT4";"ELECTRO ACO ALTONA S.A.";11.33;"Producer Manufacturing";""
"EALT4F";"ELECTRO ACO ALTONA S.A.";11.4;"Producer Manufacturing";""
"ECOM3";"ECOM3";1.02;"Technology Services";""
"ECOM3F";"ECOM3F";0.99;"Technology Services";""
"ECOR3";"ECORODOVIAS INFRAESTRUTURA E LOGÍSTICA S.A.";6.79;"Transportation";"Exploração de Rodovias"
"ECOR3F";"ECORODOVIAS INFRAESTRUTURA E LOGÍSTICA S.A.";6.78;"Transportation";""
"EGIE3";"ENGIE BRASIL ENERGIA S.A.";30.16;"Utilities";"Energia Elétrica"
"EGIE3F";"ENGIE BRASIL ENERGIA S.A.";30.18;"Utilities";""
"EKTR3F";"ELEKTRO REDES S.A.";43.49;"Utilities";""
"EKTR4";"ELEKTRO REDES S.A.";39.81;"Utilities";""
"EKTR4F";"ELEKTRO REDES S.A.";39.81;"Utilities";""
"EMAE4";"EMAE - EMPRESA METROP.AGUAS ENERGIA S.A.";35.45;"Utilities";""
"EMAE4F";"EMAE - EMPRESA METROP.AGUAS ENERGIA S.A.";35.6;"Utilities";""
"EMBJ3";"EMBJ3";83.04;"Electronic Technology";"Material Aeronáutico e de Defesa"
"EMBJ3F";"EMBJ3F";83.07;"Electronic Technology";""
"ENEV3";"ENEVA S.A";25.31;"Utilities";"Energia Elétrica"
"ENEV3F";"ENEVA S.A";25.33;"Utilities";""
"ENGI11F";"ENERGISA S.A.";48.74;"Utilities";""
"ENGI3";"ENERGISA S.A.";11.7;"Utilities";"Energia Elétrica"
"ENGI3F";"ENERGISA S.A.";11.74;"Utilities";""
"ENGI4";"ENERGISA S.A.";9.34;"Utilities";""
"ENGI4F";"ENERGISA S.A.";9.35;"Utilities";""
"ENJU3";"ENJOEI S.A.";0.87;"Retail Trade";"Programas e Serviços"
"ENJU3F";"ENJOEI S.A.";0.86;"Retail Trade";""
"ENMT3";"ENERGISA MATO GROSSO-DISTRIBUIDORA DE ENERGIA S/A";35.65;"Utilities";"Energia Elétrica"
"ENMT3F";"ENERGISA MATO GROSSO-DISTRIBUIDORA DE ENERGIA S/A";36.5;"Utilities";""
"ENMT4";"ENERGISA MATO GROSSO-DISTRIBUIDORA DE ENERGIA S/A";37.59;"Utilities";""
"ENMT4F";"ENERGISA MATO GROSSO-DISTRIBUIDORA DE ENERGIA S/A";38.63;"Utilities";""
"EPAR3";"EMBPAR PARTICIPACOES S.A.";1.32;"Producer Manufacturing";"Material de Transporte"
"EPAR3F";"EMBPAR PARTICIPACOES S.A.";1.33;"Producer Manufacturing";""
"EQMA3B";"EQUATORIAL MARANHÃO DISTRIBUIDORA DE ENERGIA S.A.";30.01;"Utilities";""
"EQMA3BF";"EQUATORIAL MARANHÃO DISTRIBUIDORA DE ENERGIA S.A.";29.51;"Utilities";""
"EQPA3";"EQUATORIAL PARA DISTRIBUIDORA DE ENERGIA S.A.";5.29;"Utilities";"Energia Elétrica"
"EQPA3F";"EQUATORIAL PARA DISTRIBUIDORA DE ENERGIA S.A.";5.26;"Utilities";""
"EQPA5F";"EQUATORIAL PARA DISTRIBUIDORA DE ENERGIA S.A.";9.93;"Utilities";""
"EQPA7F";"EQUATORIAL PARA DISTRIBUIDORA DE ENERGIA S.A.";9.72;"Utilities";""
"EQTL3";"EQUATORIAL S.A.";38.42;"Utilities";"Energia Elétrica"
"EQTL3F";"EQUATORIAL S.A.";38.42;"Utilities";""
"ESPA3";"MPM CORPÓREOS S.A.";7.99;"Consumer Services";"Produtos Diversos"
"ESPA3F";"MPM CORPÓREOS S.A.";7.89;"Consumer Services";""
"ESTR4";"MANUFATURA DE BRINQUEDOS ESTRELA S.A.";2.17;"Consumer Durables";""
"ESTR4F";"MANUFATURA DE BRINQUEDOS ESTRELA S.A.";2.16;"Consumer Durables";""
"ETER3";"ETERNIT S.A.";3.74;"Non-Energy Minerals";"Produtos para Construção"
"ETER3F";"ETERNIT S.A.";3.8;"Non-Energy Minerals";""
"EUCA3";"EUCATEX S.A. INDUSTRIA E COMERCIO";22.16;"Non-Energy Minerals";"Madeira"
"EUCA3F";"EUCATEX S.A. INDUSTRIA E COMERCIO";22.03;"Non-Energy Minerals";""
"EUCA4";"EUCATEX S.A. INDUSTRIA E COMERCIO";21.87;"Non-Energy Minerals";""
"EUCA4F";"EUCATEX S.A. INDUSTRIA E COMERCIO";21.9;"Non-Energy Minerals";""
"EVEN3";"EVEN CONSTRUTORA E INCORPORADORA S.A.";5;"Finance";"Incorporações"
"EVEN3F";"EVEN CONSTRUTORA E INCORPORADORA S.A.";4.99;"Finance";""
"EZTC3";"EZ TEC EMPREEND. E PARTICIPACOES S.A.";11.64;"Finance";"Incorporações"
"EZTC3F";"EZ TEC EMPREEND. E PARTICIPACOES S.A.";11.66;"Finance";""
"FESA3";"CIA FERRO LIGAS DA BAHIA - FERBASA";10.3;"Non-Energy Minerals";"Siderurgia"
"FESA3F";"CIA FERRO LIGAS DA BAHIA - FERBASA";10.22;"Non-Energy Minerals";""
"FESA4";"CIA FERRO LIGAS DA BAHIA - FERBASA";5.93;"Non-Energy Minerals";""
"FESA4F";"CIA FERRO LIGAS DA BAHIA - FERBASA";5.92;"Non-Energy Minerals";""
"FHER3";"FERTILIZANTES HERINGER S.A.";3.57;"Process Industries";"Fertilizantes e Defensivos"
"FHER3F";"FERTILIZANTES HERINGER S.A.";3.8;"Process Industries";""
"FICT3";"FICTOR ALIMENTOS S.A";0.21;"Commercial Services";"Outros"
"FICT3F";"FICTOR ALIMENTOS S.A";0.22;"Commercial Services";""
"FIEI3";"FICA EMPREENDIMENTOS IMOBILIÁRIOS S.A";10;"Finance";"Incorporações"
"FIGE3F";"INVESTIMENTOS BEMGE S.A.";32.95;"Finance";""
"FIQE3";"UNIFIQUE TELECOMUNICAÇÕES S.A.";5.58;"Communications";"Telecomunicações"
"FIQE3F";"UNIFIQUE TELECOMUNICAÇÕES S.A.";5.61;"Communications";""
"FLRY3";"FLEURY S.A.";16.37;"Health Services";"Serviços Médicos Hospitalares"
"FLRY3F";"FLEURY S.A.";16.39;"Health Services";""
"FRAS3";"FRASLE MOBILITY S.A.";20.88;"Producer Manufacturing";"Material Rodoviário"
"FRAS3F";"FRASLE MOBILITY S.A.";20.91;"Producer Manufacturing";""
"FRIO3F";"METALFRIO SOLUTIONS S.A.";165.97;"Producer Manufacturing";""
"FSPE11F";"FSPE11F";0.29;"Finance";""
"FSRF11F";"FSRF11F";0.08;"Miscellaneous";""
"FSTU11F";"FSTU11F";0.16;"Finance";""
"GEPA3";"RIO PARANAPANEMA ENERGIA S.A.";33.9;"Utilities";"Energia Elétrica"
"GEPA3F";"RIO PARANAPANEMA ENERGIA S.A.";34.14;"Utilities";""
"GEPA4";"RIO PARANAPANEMA ENERGIA S.A.";38.2;"Utilities";""
"GEPA4F";"RIO PARANAPANEMA ENERGIA S.A.";38.04;"Utilities";""
"GFSA3";"GAFISA S.A.";0.35;"Finance";"Incorporações"
"GFSA3F";"GAFISA S.A.";0.38;"Finance";""
"GGBR3";"GERDAU S.A.";20.14;"Non-Energy Minerals";"Siderurgia"
"GGBR3F";"GERDAU S.A.";20.2;"Non-Energy Minerals";""
"GGBR4";"GERDAU S.A.";23.64;"Non-Energy Minerals";"Siderurgia"
"GGBR4F";"GERDAU S.A.";23.65;"Non-Energy Minerals";""
"GGPS3";"GPS PARTICIPACOES E EMPREENDIMENTOS S.A.";11.83;"Commercial Services";"Serviços Diversos"
"GGPS3F";"GPS PARTICIPACOES E EMPREENDIMENTOS S.A.";11.89;"Commercial Services";""
"GMAT3";"GRUPO MATEUS S.A.";3.82;"Retail Trade";"Alimentos"
"GMAT3F";"GRUPO MATEUS S.A.";3.84;"Retail Trade";""
"GOAU3";"METALURGICA GERDAU S.A.";9.22;"Non-Energy Minerals";"Siderurgia"
"GOAU3F";"METALURGICA GERDAU S.A.";9.22;"Non-Energy Minerals";""
"GOAU4";"METALURGICA GERDAU S.A.";10.26;"Non-Energy Minerals";"Siderurgia"
"GOAU4F";"METALURGICA GERDAU S.A.";10.28;"Non-Energy Minerals";""
"GPAR3";"CIA CELG DE PARTICIPACOES - CELGPAR";10.51;"Utilities";"Energia Elétrica"
"GPAR3F";"CIA CELG DE PARTICIPACOES - CELGPAR";11.77;"Utilities";""
"GRND3";"GRENDENE S.A.";3.76;"Consumer Non-Durables";"Calçados"
"GRND3F";"GRENDENE S.A.";3.76;"Consumer Non-Durables";""
"GSHP3";"GENERAL SHOPPING E OUTLETS DO BRASIL S.A.";3.7;"Finance";"Exploração de Imóveis"
"GSHP3F";"GENERAL SHOPPING E OUTLETS DO BRASIL S.A.";3.33;"Finance";""
"HAGA3";"HAGA S.A. INDUSTRIA E COMERCIO";2.52;"Consumer Durables";"Produtos para Construção"
"HAGA3F";"HAGA S.A. INDUSTRIA E COMERCIO";2.47;"Consumer Durables";""
"HAGA4";"HAGA S.A. INDUSTRIA E COMERCIO";1.57;"Consumer Durables";""
"HAGA4F";"HAGA S.A. INDUSTRIA E COMERCIO";1.57;"Consumer Durables";""
"HAPV3";"HAPVIDA PARTICIPACOES E INVESTIMENTOS SA";11.23;"Health Services";"Serviços Médicos Hospitalares"
"HAPV3F";"HAPVIDA PARTICIPACOES E INVESTIMENTOS SA";11.23;"Health Services";""
"HBOR3";"HELBOR EMPREENDIMENTOS S.A.";1.98;"Consumer Durables";"Incorporações"
"HBOR3F";"HELBOR EMPREENDIMENTOS S.A.";1.98;"Consumer Durables";""
"HBRE3";"HBR REALTY EMPREENDIMENTOS IMOBILIARIOS S/A";2.15;"Finance";"Exploração de Imóveis"
"HBRE3F";"HBR REALTY EMPREENDIMENTOS IMOBILIARIOS S/A";2.19;"Finance";""
"HBSA3";"HIDROVIAS DO BRASIL S.A.";3.35;"Transportation";"Transporte Hidroviário"
"HBSA3F";"HIDROVIAS DO BRASIL S.A.";3.33;"Transportation";""
"HBTS5F";"CIA HABITASUL DE PARTICIPACOES";32.38;"Finance";""
"HETA4";"HERCULES S.A. FABRICA DE TALHERES";4.8;"Consumer Durables";""
"HETA4F";"HERCULES S.A. FABRICA DE TALHERES";4.8;"Consumer Durables";""
"HOOT4";"HOTEIS OTHON S.A.";6.9;"Consumer Services";""
"HOOT4F";"HOTEIS OTHON S.A.";6.5;"Consumer Services";""
"HYPE3";"HYPERA S.A.";20.26;"Health Technology";"Medicamentos e Outros Produtos"
"HYPE3F";"HYPERA S.A.";20.27;"Health Technology";""
"IFCM3";"INFRACOMMERCE CXAAS S.A.";1.69;"Distribution Services";"Programas e Serviços"
"IFCM3F";"INFRACOMMERCE CXAAS S.A.";1.69;"Distribution Services";""
"IGTI11F";"IGUATEMI S.A.";24.63;"Finance";""
"IGTI3";"IGUATEMI S.A.";3.27;"Finance";"Exploração de Imóveis"
"IGTI3F";"IGUATEMI S.A.";3.36;"Finance";""
"IGTI4";"IGUATEMI S.A.";11.07;"Finance";""
"IGTI4F";"IGUATEMI S.A.";10.9;"Finance";""
"INEP3";"INEPAR S.A. INDUSTRIA E CONSTRUCOES";1.59;"Producer Manufacturing";"Máq. e Equip. Industriais"
"INEP3F";"INEPAR S.A. INDUSTRIA E CONSTRUCOES";1.56;"Producer Manufacturing";""
"INEP4";"INEPAR S.A. INDUSTRIA E CONSTRUCOES";1.59;"Producer Manufacturing";""
"INEP4F";"INEPAR S.A. INDUSTRIA E CONSTRUCOES";1.65;"Producer Manufacturing";""
"INTB3";"INTELBRAS S.A. IND DE TELEC ELETRONICA BRASILEIRA";13.11;"Technology Services";"Computadores e Equipamentos"
"INTB3F";"INTELBRAS S.A. IND DE TELEC ELETRONICA BRASILEIRA";13.1;"Technology Services";""
"IRBR3";"IRB - BRASIL RESSEGUROS S.A.";55.77;"Finance";"Resseguradoras"
"IRBR3F";"IRB - BRASIL RESSEGUROS S.A.";55.75;"Finance";""
"ISAE3";"ISA ENERGIA BRASIL S.A";31.83;"Utilities";"Energia Elétrica"
"ISAE3F";"ISA ENERGIA BRASIL S.A";31.78;"Utilities";""
"ISAE4";"ISA ENERGIA BRASIL S.A";28.08;"Utilities";"Energia Elétrica"
"ISAE4F";"ISA ENERGIA BRASIL S.A";28.1;"Utilities";""
"ITSA3";"ITAUSA S.A.";13.69;"Finance";"Holdings Diversificadas"
"ITSA3F";"ITAUSA S.A.";13.72;"Finance";""
"ITSA4";"ITAUSA S.A.";13.56;"Finance";""
"ITSA4F";"ITAUSA S.A.";13.56;"Finance";""
"ITUB3";"ITAU UNIBANCO HOLDING S.A.";44.97;"Finance";"Bancos"
"ITUB3F";"ITAU UNIBANCO HOLDING S.A.";44.99;"Finance";""
"ITUB4";"ITAU UNIBANCO HOLDING S.A.";42.39;"Finance";"Bancos Diversificados"
"ITUB4F";"ITAU UNIBANCO HOLDING S.A.";42.38;"Finance";""
"JALL3";"JALLES MACHADO S.A.";2.01;"Process Industries";"Açucar e Alcool"
"JALL3F";"JALLES MACHADO S.A.";2.02;"Process Industries";""
"JFEN3";"JOAO FORTES ENGENHARIA S.A.";0.56;"Consumer Durables";"Incorporações"
"JFEN3F";"JOAO FORTES ENGENHARIA S.A.";0.61;"Consumer Durables";""
"JHSF3";"JHSF PARTICIPACOES S.A.";10.94;"Finance";"Incorporações"
"JHSF3F";"JHSF PARTICIPACOES S.A.";10.93;"Finance";""
"JOPA3";"JOSAPAR-JOAQUIM OLIVEIRA S.A. - PARTICIP";18.25;"Process Industries";"Alimentos Diversos"
"JOPA3F";"JOSAPAR-JOAQUIM OLIVEIRA S.A. - PARTICIP";17.8;"Process Industries";""
"JOPA4";"JOSAPAR-JOAQUIM OLIVEIRA S.A. - PARTICIP";18;"Process Industries";""
"JOPA4F";"JOSAPAR-JOAQUIM OLIVEIRA S.A. - PARTICIP";18.01;"Process Industries";""
"JSLG3";"JSL S.A.";5.59;"Transportation";"Transporte Rodoviário"
"JSLG3F";"JSL S.A.";5.6;"Transportation";""
"KEPL3";"KEPLER WEBER S.A.";6.35;"Producer Manufacturing";"Máq. e Equip. Industriais"
"KEPL3F";"KEPLER WEBER S.A.";6.36;"Producer Manufacturing";""
"KLBN11F";"KLABIN S.A.";17.46;"Non-Energy Minerals";""
"KLBN3";"KLABIN S.A.";3.51;"Non-Energy Minerals";"Papel e Celulose"
"KLBN3F";"KLABIN S.A.";3.51;"Non-Energy Minerals";""
"KLBN4";"KLABIN S.A.";3.5;"Non-Energy Minerals";""
"KLBN4F";"KLABIN S.A.";3.5;"Non-Energy Minerals";""
"LAND3";"TERRA SANTA PROPRIEDADES AGRICOLAS S.A.";7.62;"Finance";"Agricultura"
"LAND3F";"TERRA SANTA PROPRIEDADES AGRICOLAS S.A.";7.53;"Finance";""
"LAVV3";"LAVVI EMPREENDIMENTOS IMOBILIÁRIOS S.A.";10.37;"Finance";"Incorporações"
"LAVV3F";"LAVVI EMPREENDIMENTOS IMOBILIÁRIOS S.A.";10.39;"Finance";""
"LEVE3";"MAHLE-METAL LEVE S.A.";31.35;"Producer Manufacturing";"Automóveis e Motocicletas"
"LEVE3F";"MAHLE-METAL LEVE S.A.";31.36;"Producer Manufacturing";""
"LIGT3";"LIGHT S.A.";3.21;"Utilities";"Energia Elétrica"
"LIGT3F";"LIGHT S.A.";3.21;"Utilities";""
"LJQQ3";"LOJAS QUERO-QUERO S/A";1.13;"Retail Trade";"Produtos Diversos"
"LJQQ3F";"LOJAS QUERO-QUERO S/A";1.13;"Retail Trade";""
"LOGG3";"LOG COMMERCIAL PROPERTIES";25.99;"Industrial Services";"Exploração de Imóveis"
"LOGG3F";"LOG COMMERCIAL PROPERTIES";26.02;"Industrial Services";""
"LOGN3";"LOG-IN LOGISTICA INTERMODAL S.A.";27.9;"Transportation";"Transporte Hidroviário"
"LOGN3F";"LOG-IN LOGISTICA INTERMODAL S.A.";28.13;"Transportation";""
"LPSB3";"LPS BRASIL - CONSULTORIA DE IMOVEIS S.A.";1.44;"Commercial Services";"Intermediação Imobiliária"
"LPSB3F";"LPS BRASIL - CONSULTORIA DE IMOVEIS S.A.";1.46;"Commercial Services";""
"LREN3";"LOJAS RENNER S.A.";13.25;"Retail Trade";"Tecidos, Vestuário e Calçados"
"LREN3F";"LOJAS RENNER S.A.";13.24;"Retail Trade";""
"LUPA3";"LUPATECH S.A.";0.66;"Producer Manufacturing";"Equipamentos e Serviços"
"LUPA3F";"LUPATECH S.A.";0.67;"Producer Manufacturing";""
"LUXM4";"TREVISA INVESTIMENTOS S.A.";2.71;"Transportation";""
"LUXM4F";"TREVISA INVESTIMENTOS S.A.";2.76;"Transportation";""
"LWSA3";"LWSA S.A.";3.74;"Technology Services";"Programas e Serviços"
"LWSA3F";"LWSA S.A.";3.74;"Technology Services";""
"MAPT3F";"CEMEPE INVESTIMENTOS S.A.";2.5;"Miscellaneous";""
"MAPT4F";"CEMEPE INVESTIMENTOS S.A.";3;"Miscellaneous";""
"MATD3";"HOSPITAL MATER DEI S/A";4.75;"Health Services";"Serv.Méd.Hospit..Análises e Diagnósticos"
"MATD3F";"HOSPITAL MATER DEI S/A";4.75;"Health Services";""
"MBRF3";"MBRF3";15.21;"Consumer Non-Durables";""
"MBRF3F";"MBRF3F";15.22;"Consumer Non-Durables";""
"MDIA3";"M.DIAS BRANCO S.A. IND COM DE ALIMENTOS";17.62;"Consumer Non-Durables";"Alimentos Diversos"
"MDIA3F";"M.DIAS BRANCO S.A. IND COM DE ALIMENTOS";17.61;"Consumer Non-Durables";""
"MDNE3";"MOURA DUBEUX ENGENHARIA S/A";24.94;"Finance";"Incorporações"
"MDNE3F";"MOURA DUBEUX ENGENHARIA S/A";24.9;"Finance";""
"MEAL3";"INTERNATIONAL MEAL COMPANY ALIMENTACAO S.A.";0.69;"Consumer Services";"Restaurante e Similares"
"MEAL3F";"INTERNATIONAL MEAL COMPANY ALIMENTACAO S.A.";0.7;"Consumer Services";""
"MELK3";"MELNICK DESENVOLVIMENTO IMOBILIÁRIO S.A.";2.94;"Industrial Services";"Incorporações"
"MELK3F";"MELNICK DESENVOLVIMENTO IMOBILIÁRIO S.A.";2.94;"Industrial Services";""
"MGEL4";"MANGELS INDUSTRIAL S.A.";5.27;"Producer Manufacturing";""
"MGEL4F";"MANGELS INDUSTRIAL S.A.";4.8;"Producer Manufacturing";""
"MGLU3";"MAGAZINE LUIZA S.A.";4.83;"Retail Trade";"Varejo Especializado"
"MGLU3F";"MAGAZINE LUIZA S.A.";4.84;"Retail Trade";""
"MILS3";"MILLS LOCAÇÃO. SERVIÇOS E LOGÍSTICA S.A";15.35;"Finance";"Máq. e Equip. Industriais"
"MILS3F";"MILLS LOCAÇÃO. SERVIÇOS E LOGÍSTICA S.A";15.36;"Finance";""
"MLAS3";"GRUPO MULTI S.A.";1.7;"Electronic Technology";"Computadores e Equipamentos"
"MLAS3F";"GRUPO MULTI S.A.";1.69;"Electronic Technology";""
"MNDL3";"MUNDIAL S.A. - PRODUTOS DE CONSUMO";18.5;"Consumer Non-Durables";"Acessórios"
"MNDL3F";"MUNDIAL S.A. - PRODUTOS DE CONSUMO";16.9;"Consumer Non-Durables";""
"MNPR3";"MINUPAR PARTICIPACOES S.A.";4.19;"Process Industries";"Carnes e Derivados"
"MNPR3F";"MINUPAR PARTICIPACOES S.A.";4.08;"Process Industries";""
"MOTV3";"MOTIVA INFRAESTRUTURA DE MOBILIDADE S.A.";14.32;"Transportation";"Exploração de Rodovias"
"MOTV3F";"MOTIVA INFRAESTRUTURA DE MOBILIDADE S.A.";14.32;"Transportation";""
"MOVI3";"MOVIDA PARTICIPACOES SA";8.24;"Finance";"Aluguel de carros"
"MOVI3F";"MOVIDA PARTICIPACOES SA";8.22;"Finance";""
"MRSA3B";"MRS LOGISTICA S.A.";39.8;"Transportation";""
"MRSA3BF";"MRS LOGISTICA S.A.";41.9;"Transportation";""
"MRSA6B";"MRS LOGISTICA S.A.";34.3;"Transportation";""
"MRSA6BF";"MRS LOGISTICA S.A.";34.23;"Transportation";""
"MRVE3";"MRV ENGENHARIA E PARTICIPACOES S.A.";4.51;"Consumer Durables";"Incorporações"
"MRVE3F";"MRV ENGENHARIA E PARTICIPACOES S.A.";4.51;"Consumer Durables";""
"MSPA4";"CIA MELHORAMENTOS DE SAO PAULO";37.73;"Process Industries";""
"MTRE3";"MITRE REALTY EMPREENDIMENTOS E PARTICIPAÇÕES S.A.";2.96;"Finance";"Incorporações"
"MTRE3F";"MITRE REALTY EMPREENDIMENTOS E PARTICIPAÇÕES S.A.";2.96;"Finance";""
"MTSA4";"METISA METALURGICA TIMBOENSE S.A.";45;"Producer Manufacturing";""
"MTSA4F";"METISA METALURGICA TIMBOENSE S.A.";44.08;"Producer Manufacturing";""
"MULT3";"MULTIPLAN - EMPREEND IMOBILIARIOS S.A.";28.04;"Finance";"Exploração de Imóveis"
"MULT3F";"MULTIPLAN - EMPREEND IMOBILIARIOS S.A.";28.05;"Finance";""
"MWET4F";"WETZEL S.A.";12.73;"Producer Manufacturing";""
"MYPK3";"IOCHPE MAXION S.A.";9.39;"Producer Manufacturing";"Automóveis e Motocicletas"
"MYPK3F";"IOCHPE MAXION S.A.";9.38;"Producer Manufacturing";""
"NATU3";"NATURA COSMETICOS S.A.";8.69;"Consumer Non-Durables";"Produtos de Uso Pessoal"
"NATU3F";"NATURA COSMETICOS S.A.";8.69;"Consumer Non-Durables";""
"NEXP3";"NEXPE PARTICIPAÇÕES S.A";2.38;"Finance";"Intermediação Imobiliária"
"NEXP3F";"NEXPE PARTICIPAÇÕES S.A";2.4;"Finance";""
"NGRD3";"NEOGRID PARTICIPACOES S.A.";34.28;"Technology Services";"Programas e Serviços"
"NGRD3F";"NEOGRID PARTICIPACOES S.A.";34.39;"Technology Services";""
"NORD3";"NORDON INDUSTRIAS METALURGICAS S.A.";1.96;"Producer Manufacturing";"Máq. e Equip. Industriais"
"NORD3F";"NORDON INDUSTRIAS METALURGICAS S.A.";1.95;"Producer Manufacturing";""
"NUTR3";"NUTRIPLANT INDUSTRIA E COMERCIO S.A.";2.18;"Process Industries";"Fertilizantes e Defensivos"
"NUTR3F";"NUTRIPLANT INDUSTRIA E COMERCIO S.A.";2.19;"Process Industries";""
"OBTC3";"ORANJEBTC S.A. - EDUCAÇÃO E INVESTIMENTO";6.3;"Technology Services";""
"OBTC3F";"ORANJEBTC S.A. - EDUCAÇÃO E INVESTIMENTO";6.37;"Technology Services";""
"OFSA3";"OUROFINO S.A.";25.75;"Health Technology";"Medicamentos e Outros Produtos"
"OFSA3F";"OUROFINO S.A.";26.05;"Health Technology";""
"OIBR3";"OI S.A.";0.12;"Communications";"Telecomunicações"
"OIBR3F";"OI S.A.";0.12;"Communications";""
"OIBR4";"OI S.A.";0.56;"Communications";""
"OIBR4F";"OI S.A.";0.6;"Communications";""
"ONCO11";"ONCOCLINICAS DO BRASIL SERVICOS MEDICOS  S.A.";0.03;"Health Services";""
"ONCO11F";"ONCOCLINICAS DO BRASIL SERVICOS MEDICOS  S.A.";0.02;"Health Services";""
"ONCO3";"ONCOCLINICAS DO BRASIL SERVICOS MEDICOS  S.A.";0.69;"Health Services";"Serv.Méd.Hospit..Análises e Diagnósticos"
"ONCO3F";"ONCOCLINICAS DO BRASIL SERVICOS MEDICOS  S.A.";0.7;"Health Services";""
"OPCT3";"OCEANPACT SERVICOS MARITIMOS S.A.";10.93;"Commercial Services";"Equipamentos e Serviços"
"OPCT3F";"OCEANPACT SERVICOS MARITIMOS S.A.";10.92;"Commercial Services";""
"ORVR3";"ORIZON VALORIZACAO DE RESIDUOS S.A.";71.53;"Utilities";"Água e Saneamento"
"ORVR3F";"ORIZON VALORIZACAO DE RESIDUOS S.A.";71.48;"Utilities";""
"OSXB3";"OSX BRASIL S.A.";0.99;"Industrial Services";"Equipamentos e Serviços"
"OSXB3F";"OSX BRASIL S.A.";1;"Industrial Services";""
"PASS3";"COMPASS GAS E ENERGIA S.A.";24.31;"Utilities";"Gás"
"PASS3F";"COMPASS GAS E ENERGIA S.A.";24.31;"Utilities";""
"PATI3";"PANATLANTICA S.A.";30.22;"Producer Manufacturing";"Artefatos de Ferro e Aço"
"PATI3F";"PANATLANTICA S.A.";25.8;"Producer Manufacturing";""
"PATI4";"PANATLANTICA S.A.";29.5;"Producer Manufacturing";""
"PATI4F";"PANATLANTICA S.A.";29.55;"Producer Manufacturing";""
"PCAR3";"CIA BRASILEIRA DE DISTRIBUICAO";2.75;"Retail Trade";"Alimentos"
"PCAR3F";"CIA BRASILEIRA DE DISTRIBUICAO";2.75;"Retail Trade";""
"PDGR3";"PDG REALTY S.A. EMPREEND E PARTICIPACOES";1.28;"Finance";"Incorporações"
"PDGR3F";"PDG REALTY S.A. EMPREEND E PARTICIPACOES";1.28;"Finance";""
"PDTC3";"PADTEC HOLDING S.A.";2;"Electronic Technology";"Programas e Serviços"
"PDTC3F";"PADTEC HOLDING S.A.";2;"Electronic Technology";""
"PEAB3";"CIA PARTICIPACOES ALIANCA DA BAHIA";38.5;"Finance";"Exploração de Imóveis"
"PEAB3F";"CIA PARTICIPACOES ALIANCA DA BAHIA";38.31;"Finance";""
"PEAB4";"CIA PARTICIPACOES ALIANCA DA BAHIA";39.5;"Finance";""
"PEAB4F";"CIA PARTICIPACOES ALIANCA DA BAHIA";38.05;"Finance";""
"PETR3";"PETROLEO BRASILEIRO S.A. PETROBRAS";46.68;"Energy Minerals";"Exploração. Refino e Distribuição"
"PETR3F";"PETROLEO BRASILEIRO S.A. PETROBRAS";46.66;"Energy Minerals";""
"PETR4";"PETROLEO BRASILEIRO S.A. PETROBRAS";41.54;"Energy Minerals";"Petróleo e Gás Integrado"
"PETR4F";"PETROLEO BRASILEIRO S.A. PETROBRAS";41.55;"Energy Minerals";""
"PFRM3";"PROFARMA DISTRIB PROD FARMACEUTICOS S.A.";6.77;"Distribution Services";"Medicamentos e Outros Produtos"
"PFRM3F";"PROFARMA DISTRIB PROD FARMACEUTICOS S.A.";6.75;"Distribution Services";""
"PGMN3";"EMPREENDIMENTOS PAGUE MENOS S.A.";3.39;"Retail Trade";"Medicamentos e Outros Produtos"
"PGMN3F";"EMPREENDIMENTOS PAGUE MENOS S.A.";3.41;"Retail Trade";""
"PINE3";"BCO PINE S.A.";11.3;"Finance";"Bancos"
"PINE3F";"BCO PINE S.A.";11.3;"Finance";""
"PINE4";"BCO PINE S.A.";11.49;"Finance";""
"PINE4F";"BCO PINE S.A.";11.53;"Finance";""
"PLAS3";"PLASCAR PARTICIPACOES INDUSTRIAIS S.A.";2.46;"Producer Manufacturing";"Automóveis e Motocicletas"
"PLAS3F";"PLASCAR PARTICIPACOES INDUSTRIAIS S.A.";2.44;"Producer Manufacturing";""
"PLPL3";"PLANO & PLANO DESENVOLVIMENTO IMOBILIÁRIO S.A.";7.4;"Finance";"Incorporações"
"PLPL3F";"PLANO & PLANO DESENVOLVIMENTO IMOBILIÁRIO S.A.";7.39;"Finance";""
"PMAM3";"PARANAPANEMA S.A.";0.32;"Non-Energy Minerals";"Artefatos de Cobre"
"PMAM3F";"PARANAPANEMA S.A.";0.32;"Non-Energy Minerals";""
"PNVL3";"DIMED S.A. DISTRIBUIDORA DE MEDICAMENTOS";11.08;"Retail Trade";"Medicamentos e Outros Produtos"
"PNVL3F";"DIMED S.A. DISTRIBUIDORA DE MEDICAMENTOS";11.12;"Retail Trade";""
"POMO3";"MARCOPOLO S.A.";4.68;"Producer Manufacturing";"Material Rodoviário"
"POMO3F";"MARCOPOLO S.A.";4.69;"Producer Manufacturing";""
"POMO4";"MARCOPOLO S.A.";5.08;"Producer Manufacturing";""
"POMO4F";"MARCOPOLO S.A.";5.08;"Producer Manufacturing";""
"POSI3";"POSITIVO TECNOLOGIA S.A.";3.75;"Electronic Technology";"Computadores e Equipamentos"
"POSI3F";"POSITIVO TECNOLOGIA S.A.";3.77;"Electronic Technology";""
"PRIO3";"PRIO S.A.";58.54;"Energy Minerals";"Exploração e Produção de Petróleo"
"PRIO3F";"PRIO S.A.";58.55;"Energy Minerals";""
"PRNR3";"PRINER SERVIÇOS INDUSTRIAIS S.A.";18.13;"Industrial Services";"Serviços Diversos"
"PRNR3F";"PRINER SERVIÇOS INDUSTRIAIS S.A.";18.11;"Industrial Services";""
"PSSA3";"PORTO SEGURO S.A.";53.34;"Finance";"Seguradoras"
"PSSA3F";"PORTO SEGURO S.A.";53.38;"Finance";""
"PSVM11F";"PORTO SUDESTE V.M. S.A.";8.28;"Transportation";""
"PTBL3";"PBG S/A";1.68;"Producer Manufacturing";"Produtos para Construção"
"PTBL3F";"PBG S/A";1.68;"Producer Manufacturing";""
"QUAL3";"QUALICORP CONSULTORIA E CORRETORA DE SEGUROS S.A.";1.46;"Health Services";"Serv.Méd.Hospit..Análises e Diagnósticos"
"QUAL3F";"QUALICORP CONSULTORIA E CORRETORA DE SEGUROS S.A.";1.47;"Health Services";""
"RADL3";"RAIA DROGASIL S.A.";18.44;"Retail Trade";"Medicamentos e Outros Produtos"
"RADL3F";"RAIA DROGASIL S.A.";18.44;"Retail Trade";""
"RAIL3";"RUMO S.A.";13.29;"Transportation";"Transporte Ferroviário"
"RAIL3F";"RUMO S.A.";13.3;"Transportation";""
"RAIZ4";"RAIZEN S.A.";0.28;"Retail Trade";"Açúcar e Álcool"
"RAIZ4F";"RAIZEN S.A.";0.27;"Retail Trade";""
"RANI3";"IRANI PAPEL E EMBALAGEM S.A.";7.89;"Process Industries";"Embalagens"
"RANI3F";"IRANI PAPEL E EMBALAGEM S.A.";7.91;"Process Industries";""
"RAPT3";"RANDONCORP S.A.";4.62;"Producer Manufacturing";"Material Rodoviário"
"RAPT3F";"RANDONCORP S.A.";4.67;"Producer Manufacturing";""
"RAPT4";"RANDONCORP S.A.";4.67;"Producer Manufacturing";""
"RAPT4F";"RANDONCORP S.A.";4.68;"Producer Manufacturing";""
"RCSL3";"RECRUSUL S.A.";0.45;"Producer Manufacturing";"Material Rodoviário"
"RCSL3F";"RECRUSUL S.A.";0.49;"Producer Manufacturing";""
"RCSL4";"RECRUSUL S.A.";0.51;"Producer Manufacturing";""
"RCSL4F";"RECRUSUL S.A.";0.5;"Producer Manufacturing";""
"RDOR3";"REDE DOR SÃO LUIZ S.A.";33.37;"Health Services";"Serviços Médicos Hospitalares"
"RDOR3F";"REDE DOR SÃO LUIZ S.A.";33.39;"Health Services";""
"RECV3";"PETRORECÔNCAVO S.A.";10.3;"Energy Minerals";"Exploração e Produção de Petróleo"
"RECV3F";"PETRORECÔNCAVO S.A.";10.31;"Energy Minerals";""
"REDE3";"REDE ENERGIA PARTICIPAÇÕES S.A.";5.8;"Utilities";"Energia Elétrica"
"REDE3F";"REDE ENERGIA PARTICIPAÇÕES S.A.";5.82;"Utilities";""
"RENT3";"LOCALIZA RENT A CAR S.A.";36.73;"Finance";"Aluguel de Carros"
"RENT3F";"LOCALIZA RENT A CAR S.A.";36.73;"Finance";""
"RENT4";"LOCALIZA RENT A CAR S.A.";35.42;"Finance";""
"RENT4F";"LOCALIZA RENT A CAR S.A.";35.5;"Finance";""
"RIAA3";"RIAA3";7.77;"Distribution Services";"Tecidos. Vestuário e Calçados"
"RIAA3F";"RIAA3F";7.81;"Distribution Services";""
"RNEW3";"RENOVA ENERGIA S.A.";0.75;"Utilities";"Energia Elétrica"
"RNEW3F";"RENOVA ENERGIA S.A.";0.74;"Utilities";""
"RNEW4";"RENOVA ENERGIA S.A.";0.72;"Utilities";""
"RNEW4F";"RENOVA ENERGIA S.A.";0.72;"Utilities";""
"ROMI3";"ROMI S.A.";5.9;"Producer Manufacturing";"Máquinas e Equipamentos Industriais"
"ROMI3F";"ROMI S.A.";5.91;"Producer Manufacturing";""
"RPAD3";"ALFA HOLDINGS S.A.";6.51;"Finance";"Bancos"
"RPAD3F";"ALFA HOLDINGS S.A.";6.01;"Finance";""
"RPAD5";"ALFA HOLDINGS S.A.";7;"Finance";""
"RPAD5F";"ALFA HOLDINGS S.A.";6.99;"Finance";""
"RPAD6";"ALFA HOLDINGS S.A.";6.5;"Finance";""
"RPMG3";"REFINARIA DE PETROLEOS MANGUINHOS S.A.";1.13;"Energy Minerals";"Exploração. Refino e Distribuição"
"RPMG3F";"REFINARIA DE PETROLEOS MANGUINHOS S.A.";1.12;"Energy Minerals";""
"RSUL4";"METALURGICA RIOSULENSE S.A.";43.89;"Producer Manufacturing";""
"RSUL4F";"METALURGICA RIOSULENSE S.A.";43.87;"Producer Manufacturing";""
"RVEE3";"REVEE S.A.";0.89;"Miscellaneous";""
"RVEE3F";"REVEE S.A.";0.84;"Miscellaneous";""
"SANB11F";"BCO SANTANDER (BRASIL) S.A.";27.38;"Finance";""
"SANB3";"BCO SANTANDER (BRASIL) S.A.";13.41;"Finance";"Bancos"
"SANB3F";"BCO SANTANDER (BRASIL) S.A.";13.42;"Finance";""
"SANB4";"BCO SANTANDER (BRASIL) S.A.";13.94;"Finance";""
"SANB4F";"BCO SANTANDER (BRASIL) S.A.";13.95;"Finance";""
"SAPR11F";"CIA SANEAMENTO DO PARANA - SANEPAR";36.14;"Utilities";""
"SAPR3";"CIA SANEAMENTO DO PARANA - SANEPAR";8.17;"Utilities";"Água e Saneamento"
"SAPR3F";"CIA SANEAMENTO DO PARANA - SANEPAR";8.17;"Utilities";""
"SAPR4";"CIA SANEAMENTO DO PARANA - SANEPAR";7;"Utilities";""
"SAPR4F";"CIA SANEAMENTO DO PARANA - SANEPAR";7.01;"Utilities";""
"SAUD3";"SAUD3";14.71;"Health Services";""
"SAUD3F";"SAUD3F";14.71;"Health Services";""
"SBFG3";"GRUPO SBF SA";9.4;"Retail Trade";"Produtos Diversos"
"SBFG3F";"GRUPO SBF SA";9.36;"Retail Trade";""
"SBSP3";"CIA SANEAMENTO BASICO EST SAO PAULO";28.51;"Utilities";"Água e Saneamento"
"SBSP3F";"CIA SANEAMENTO BASICO EST SAO PAULO";28.51;"Utilities";""
"SCAR3";"SAO CARLOS EMPREEND E PARTICIPACOES S.A.";12.14;"Finance";"Exploração de Imóveis"
"SCAR3F";"SAO CARLOS EMPREEND E PARTICIPACOES S.A.";12.14;"Finance";""
"SEER3";"SER EDUCACIONAL S.A.";11.64;"Consumer Services";"Serviços Educacionais"
"SEER3F";"SER EDUCACIONAL S.A.";11.67;"Consumer Services";""
"SEQL3";"SEQUOIA LOGISTICA E TRANSPORTES S.A";0.06;"Transportation";""
"SEQL3F";"SEQUOIA LOGISTICA E TRANSPORTES S.A";0.07;"Transportation";""
"SHOW3";"T4F ENTRETENIMENTO S.A.";6.03;"Consumer Services";"Produção de Eventos e Shows"
"SHOW3F";"T4F ENTRETENIMENTO S.A.";6.03;"Consumer Services";""
"SHUL4";"SCHULZ S.A.";4.48;"Producer Manufacturing";""
"SHUL4F";"SCHULZ S.A.";4.49;"Producer Manufacturing";""
"SIMH3";"SIMPAR S.A.";7.36;"Transportation";"Holdings Diversificadas"
"SIMH3F";"SIMPAR S.A.";7.39;"Transportation";""
"SLCE3";"SLC AGRICOLA S.A.";13.65;"Process Industries";"Agricultura"
"SLCE3F";"SLC AGRICOLA S.A.";13.67;"Process Industries";""
"SMFT3";"SMARTFIT ESCOLA DE GINÁSTICA E DANÇA S.A.";19.9;"Consumer Services";"Atividades Esportivas"
"SMFT3F";"SMARTFIT ESCOLA DE GINÁSTICA E DANÇA S.A.";19.89;"Consumer Services";""
"SMTO3";"SAO MARTINHO S.A.";15.43;"Process Industries";"Açúcar e Álcool"
"SMTO3F";"SAO MARTINHO S.A.";15.43;"Process Industries";""
"SNSY3";"SANSUY S.A. INDUSTRIA DE PLASTICOS";9.13;"Producer Manufacturing";"Materiais Diversos"
"SNSY3F";"SANSUY S.A. INDUSTRIA DE PLASTICOS";9.12;"Producer Manufacturing";""
"SNSY5";"SANSUY S.A. INDUSTRIA DE PLASTICOS";2.43;"Producer Manufacturing";""
"SNSY5F";"SANSUY S.A. INDUSTRIA DE PLASTICOS";2.17;"Producer Manufacturing";""
"SOJA3";"BOA SAFRA SEMENTES S.A.";5.79;"Process Industries";"Agricultura"
"SOJA3F";"BOA SAFRA SEMENTES S.A.";5.78;"Process Industries";""
"SOND5F";"SONDOTECNICA ENGENHARIA SOLOS S.A.";77.09;"Industrial Services";""
"SOND6F";"SONDOTECNICA ENGENHARIA SOLOS S.A.";80.77;"Industrial Services";""
"SUZB3";"SUZANO S.A.";41.91;"Process Industries";"Papel e Celulose"
"SUZB3F";"SUZANO S.A.";41.95;"Process Industries";""
"SYNE3";"SYN PROP E TECH S.A.";4.02;"Finance";"Exploração de Imóveis"
"SYNE3F";"SYN PROP E TECH S.A.";4.02;"Finance";""
"TAEE11F";"TRANSMISSORA ALIANÇA DE ENERGIA ELÉTRICA S.A.";41.14;"Industrial Services";""
"TAEE3";"TRANSMISSORA ALIANÇA DE ENERGIA ELÉTRICA S.A.";13.57;"Industrial Services";"Energia Elétrica"
"TAEE3F";"TRANSMISSORA ALIANÇA DE ENERGIA ELÉTRICA S.A.";13.58;"Industrial Services";""
"TAEE4";"TRANSMISSORA ALIANÇA DE ENERGIA ELÉTRICA S.A.";13.77;"Industrial Services";""
"TAEE4F";"TRANSMISSORA ALIANÇA DE ENERGIA ELÉTRICA S.A.";13.77;"Industrial Services";""
"TASA3";"TAURUS ARMAS S.A.";5.14;"Electronic Technology";"Armas e Munições"
"TASA3F";"TAURUS ARMAS S.A.";5.19;"Electronic Technology";""
"TASA4";"TAURUS ARMAS S.A.";4.72;"Electronic Technology";""
"TASA4F";"TAURUS ARMAS S.A.";4.74;"Electronic Technology";""
"TCSA3";"TECNISA S.A.";0.68;"Finance";"Incorporações"
"TCSA3F";"TECNISA S.A.";0.67;"Finance";""
"TECN3";"TECHNOS S.A.";9.75;"Consumer Durables";"Acessórios"
"TECN3F";"TECHNOS S.A.";9.65;"Consumer Durables";""
"TELB3";"TELEC BRASILEIRAS S.A. TELEBRAS";10.19;"Communications";"Telecomunicações"
"TELB3F";"TELEC BRASILEIRAS S.A. TELEBRAS";10.19;"Communications";""
"TELB4";"TELEC BRASILEIRAS S.A. TELEBRAS";7.34;"Communications";""
"TELB4F";"TELEC BRASILEIRAS S.A. TELEBRAS";7.3;"Communications";""
"TEND3";"CONSTRUTORA TENDA S.A.";29.72;"Finance";"Incorporações"
"TEND3F";"CONSTRUTORA TENDA S.A.";29.77;"Finance";""
"TFCO4";"TRACK & FIELD CO S.A.";13.83;"Retail Trade";"Vestuário"
"TFCO4F";"TRACK & FIELD CO S.A.";13.77;"Retail Trade";""
"TGMA3";"TEGMA GESTAO LOGISTICA S.A.";30.16;"Transportation";"Transporte Rodoviário"
"TGMA3F";"TEGMA GESTAO LOGISTICA S.A.";30.15;"Transportation";""
"TIMS3";"TIM S.A.";22.41;"Communications";"Telecomunicações"
"TIMS3F";"TIM S.A.";22.42;"Communications";""
"TOKY3";"TOKY3";0.44;"Technology Services";""
"TOKY3F";"TOKY3F";0.44;"Technology Services";""
"TOTS3";"TOTVS S.A.";28.54;"Technology Services";"Programas e Serviços"
"TOTS3F";"TOTVS S.A.";28.57;"Technology Services";""
"TPIS3";"TPI - TRIUNFO PARTICIP. E INVEST. S.A.";9.28;"Transportation";"Exploração de Rodovias"
"TPIS3F";"TPI - TRIUNFO PARTICIP. E INVEST. S.A.";9.21;"Transportation";""
"TRIS3";"TRISUL S.A.";4.03;"Consumer Durables";"Incorporações"
"TRIS3F";"TRISUL S.A.";4.04;"Consumer Durables";""
"TTEN3";"TRÊS TENTOS AGROINDUSTRIAL S/A";15.14;"Commercial Services";"Agricultura"
"TTEN3F";"TRÊS TENTOS AGROINDUSTRIAL S/A";15.17;"Commercial Services";""
"TUPY3";"TUPY S.A.";15.49;"Producer Manufacturing";"Material Rodoviário"
"TUPY3F";"TUPY S.A.";15.5;"Producer Manufacturing";""
"TXRX3F";"TEXTIL RENAUXVIEW S.A.";6.42;"Process Industries";""
"TXRX4F";"TEXTIL RENAUXVIEW S.A.";1.65;"Process Industries";""
"UCAS3";"UNICASA INDÚSTRIA DE MÓVEIS S.A.";1.21;"Consumer Durables";"Móveis"
"UCAS3F";"UNICASA INDÚSTRIA DE MÓVEIS S.A.";1.22;"Consumer Durables";""
"UGPA3";"ULTRAPAR PARTICIPACOES S.A.";31.45;"Retail Trade";"Exploração, Refino e Distribuição"
"UGPA3F";"ULTRAPAR PARTICIPACOES S.A.";31.47;"Retail Trade";""
"UNIP3";"UNIPAR CARBOCLORO S.A.";57.67;"Process Industries";"Químicos Diversos"
"UNIP3F";"UNIPAR CARBOCLORO S.A.";57.69;"Process Industries";""
"UNIP5";"UNIPAR CARBOCLORO S.A.";62.01;"Process Industries";""
"UNIP5F";"UNIPAR CARBOCLORO S.A.";62.01;"Process Industries";""
"UNIP6";"UNIPAR CARBOCLORO S.A.";61.13;"Process Industries";""
"UNIP6F";"UNIPAR CARBOCLORO S.A.";61.17;"Process Industries";""
"USIM3";"USINAS SID DE MINAS GERAIS S.A.-USIMINAS";7.42;"Non-Energy Minerals";"Siderurgia"
"USIM3F";"USINAS SID DE MINAS GERAIS S.A.-USIMINAS";7.43;"Non-Energy Minerals";""
"USIM5";"USINAS SID DE MINAS GERAIS S.A.-USIMINAS";8.3;"Non-Energy Minerals";"Siderurgia"
"USIM5F";"USINAS SID DE MINAS GERAIS S.A.-USIMINAS";8.29;"Non-Energy Minerals";""
"USIM6F";"USINAS SID DE MINAS GERAIS S.A.-USIMINAS";8.51;"Non-Energy Minerals";""
"VALE3";"VALE S.A.";72.31;"Non-Energy Minerals";"Mineração de Minerais Metálicos"
"VALE3F";"VALE S.A.";72.34;"Non-Energy Minerals";""
"VAMO3";"VAMOS LOCAÇÃO DE CAMINHÕES. MÁQUINAS E EQUIP. S.A.";3.12;"Finance";"Aluguel de Carros"
"VAMO3F";"VAMOS LOCAÇÃO DE CAMINHÕES. MÁQUINAS E EQUIP. S.A.";3.13;"Finance";""
"VBBR3";"VIBRA ENERGIA S.A.";33.42;"Retail Trade";"Exploração, Refino e Distribuição"
"VBBR3F";"VIBRA ENERGIA S.A.";33.4;"Retail Trade";""
"VITT3";"VITTIA S.A.";3.42;"Process Industries";"Fertilizantes e Defensivos"
"VITT3F";"VITTIA S.A.";3.4;"Process Industries";""
"VIVA3";"VIVARA PARTICIPAÇOES S.A";21.43;"Consumer Durables";"Acessórios"
"VIVA3F";"VIVARA PARTICIPAÇOES S.A";21.44;"Consumer Durables";""
"VIVR3";"VIVER INCORPORADORA E CONSTRUTORA S.A.";1.69;"Consumer Durables";"Incorporações"
"VIVR3F";"VIVER INCORPORADORA E CONSTRUTORA S.A.";1.77;"Consumer Durables";""
"VIVT3";"TELEFÔNICA BRASIL S.A";35.51;"Communications";"Telecomunicações"
"VIVT3F";"TELEFÔNICA BRASIL S.A";35.52;"Communications";""
"VLID3";"VALID SOLUÇÕES S.A.";17.55;"Commercial Services";"Serviços Diversos"
"VLID3F";"VALID SOLUÇÕES S.A.";17.58;"Commercial Services";""
"VSTE3";"VESTE S.A. ESTILO";2.74;"Consumer Non-Durables";"Tecidos. Vestuário e Calçados"
"VSTE3F";"VESTE S.A. ESTILO";2.75;"Consumer Non-Durables";""
"VTRU3";"VITRU EDUCAÇÃO S.A";12.07;"Commercial Services";"Serviços Educacionais"
"VTRU3F";"VITRU EDUCAÇÃO S.A";12.11;"Commercial Services";""
"VULC3";"VULCABRAS S.A.";14.11;"Consumer Non-Durables";"Calçados"
"VULC3F";"VULCABRAS S.A.";14.13;"Consumer Non-Durables";""
"VVEO3";"CM HOSPITALAR S.A.";0.58;"Distribution Services";"Medicamentos e Outros Produtos"
"VVEO3F";"CM HOSPITALAR S.A.";0.57;"Distribution Services";""
"WDCN3";"WDCN3";2.29;"Distribution Services";"Programas e Serviços"
"WDCN3F";"WDCN3F";2.28;"Distribution Services";""
"WEGE3";"WEG S.A.";42.84;"Producer Manufacturing";"Máquinas e Equipamentos"
"WEGE3F";"WEG S.A.";42.87;"Producer Manufacturing";""
"WEST3";"WESTWING COMERCIO VAREJISTA S.A.";3.48;"Retail Trade";"Móveis"
"WEST3F";"WESTWING COMERCIO VAREJISTA S.A.";3.46;"Retail Trade";""
"WHRL3";"WHIRLPOOL S.A.";3.89;"Consumer Durables";"Eletrodomésticos"
"WHRL3F";"WHIRLPOOL S.A.";3.87;"Consumer Durables";""
"WHRL4";"WHIRLPOOL S.A.";3.97;"Consumer Durables";""
"WHRL4F";"WHIRLPOOL S.A.";3.97;"Consumer Durables";""
"WIZC3";"WIZ CO PARTICIPAÇÕES E CORRETAGEM DE SEGUROS S.A.";8.23;"Finance";"Corretoras de Seguros e Resseguros"
"WIZC3F";"WIZ CO PARTICIPAÇÕES E CORRETAGEM DE SEGUROS S.A.";8.25;"Finance";""
"WLMM3";"WLM PART. E COMÉRCIO DE MÁQUINAS E VEÍCULOS S.A.";20.19;"Distribution Services";"Material de Transporte"
"WLMM3F";"WLM PART. E COMÉRCIO DE MÁQUINAS E VEÍCULOS S.A.";17.32;"Distribution Services";""
"WLMM4";"WLM PART. E COMÉRCIO DE MÁQUINAS E VEÍCULOS S.A.";16.6;"Distribution Services";""
"WLMM4F";"WLM PART. E COMÉRCIO DE MÁQUINAS E VEÍCULOS S.A.";17.49;"Distribution Services";""
"YDUQ3";"YDUQS PARTICIPACOES S.A.";7.91;"Commercial Services";"Serviços Educacionais"
"YDUQ3F";"YDUQS PARTICIPACOES S.A.";7.91;"Commercial Services";""